-108.29134,49.563377,6.586695,-2.2822216,-15.091315,-16.988222,-16.920391,-8.387231,-7.5990095,-2.9016793,-2.6609821,1.5988364,-8.2738,-3.1944964,-8.895624,-2.5323281,-7.839497,-5.8930173,-10.984783,-4.0829883,-7.6018844,-1.2969311,-2.5206878,3.4960332,1.754521,5.2708898,3.7981286,9.789376,3.2597811,6.2740993,1.1660992,2.4265845,-5.615024,-1.4367545,-7.0914025,-6.052245,-12.293768,-9.310145,-12.331042,-6.938066
-121.04783,74.188835,-21.646646,-9.465394,-21.980406,-13.572031,-14.430763,-5.460523,-9.87702,-2.9259264,-2.3178644,1.0339732,-6.6117597,-2.097898,-8.391942,-4.202649,-10.192632,-4.121299,-10.628655,-4.0863767,-7.605266,-2.457638,-6.370514,0.8386587,-0.3813938,3.0429127,1.1226658,8.301044,1.9892285,6.493909,1.1471738,1.7715526,-4.7719846,-2.2520008,-6.4078584,-6.062137,-12.977733,-9.069751,-11.04585,-7.129568
-30.795155,29.127756,9.13957,1.8331813,-10.536261,-11.577291,-7.3162193,-7.254647,-7.307358,-4.272377,-7.855989,2.8987968,-7.0227847,-2.1131127,-6.7580895,-1.47314,-7.981025,-2.6132896,-6.2308683,-3.0688243,-6.7344894,1.3743392,-5.0837274,0.7875411,-3.7752862,2.7506223,-0.74025583,5.1510987,1.9216418,7.01457,-0.80690855,3.917303,-3.6816878,-0.5616685,-6.620916,-5.355557,-14.171614,-10.799081,-15.1928,-10.237517
-183.17043,137.90202,-17.69798,-29.74408,-8.408781,-22.909035,-23.239948,-4.671184,-22.973394,2.7676444,-12.002062,-5.8775826,-4.969665,0.9885502,-5.7115636,-7.8665495,-5.2071447,-7.4176407,-10.964147,-1.6439914,-7.4783473,0.29809615,-3.3789313,4.0510187,1.3205519,2.343616,2.6186457,9.728135,4.442744,4.245675,0.28301,0.9629797,-1.9529411,-0.90226686,-9.190172,-8.140613,-14.209894,-11.562248,-10.724429,-7.926106
-75.443054,64.64647,-11.153946,-4.2023544,-14.370369,-26.766825,-12.310336,-8.528231,-11.478057,2.0498486,-11.751352,-1.6653678,-7.4338512,-0.070466824,-5.7605495,2.0490887,-5.2894816,-0.6708653,-9.111379,-4.1618857,-8.407285,-2.8106399,-10.49644,-0.50796896,0.28225243,3.0618572,-1.2948719,6.5594053,4.8181615,10.0455885,4.365893,5.96768,-6.3559136,-5.4018626,-9.461483,-4.8770847,-8.424144,-9.138646,-16.263285,-10.6859665
-84.715416,65.400276,-13.725656,-3.3452868,-1.7499018,-16.359482,-17.685728,-4.9029365,-18.25334,-1.6002226,-14.022284,-8.9614935,-13.886525,-5.6779194,-10.7136135,-6.5730376,-12.653837,-10.368173,-14.65182,-3.8990147,-12.380244,-4.058161,-3.333366,3.9073727,0.33018777,7.428069,4.942139,11.369018,2.7615287,8.181366,0.43799788,1.7908933,-4.147564,-1.9230442,-7.4073734,-4.677227,-9.536823,-7.870585,-12.962452,-10.159706
-80.18399,60.351807,-3.461171,-15.67386,-15.519349,-5.1023207,-18.451103,2.517388,-12.683658,-5.4692874,-4.4654417,-1.2796237,-6.831374,-0.17009567,-6.3961997,-0.4855805,-9.825862,-4.15068,-10.149769,-5.125436,-9.2822275,-1.9094248,-0.050295316,1.3548623,-0.09685326,6.400799,0.8029767,5.9623895,2.3575504,4.518527,-2.4302413,0.897812,-2.8274064,0.63937795,-7.212531,-7.83157,-13.349282,-7.990168,-12.366046,-9.201726
-92.4632,50.917225,-38.628574,-26.51257,-29.29048,-11.4508705,-21.473814,-0.9503984,-7.882342,-1.6761055,-3.4933083,1.2648774,-4.3236523,-1.2096881,-6.4513454,-1.6711857,-8.844727,-5.7062593,-13.069457,-4.930874,-8.663612,1.1512897,-3.4317837,5.2623243,3.309827,7.0005994,2.7009125,5.013239,0.55974704,5.63201,-0.9138173,2.1506996,-3.5714862,0.11764161,-7.6713567,-6.226162,-10.827679,-6.6090145,-9.314169,-5.026906
-50.426373,43.400215,-10.990042,2.1377695,-14.40855,-6.356883,-13.699373,-2.8942516,-9.394445,-0.3409133,-7.2444315,-0.4796207,-6.247179,0.112222135,-8.243724,-1.2430336,-10.682037,-2.4052844,-9.1338625,-3.8132308,-8.467915,-2.8897035,-5.238832,1.8006045,0.2954582,3.8950872,-0.30449075,8.127009,2.762488,8.629506,1.4324788,2.5521264,-4.8604903,-3.1333888,-9.088076,-5.4573364,-9.871558,-8.799634,-13.450565,-10.569028
-70.04103,49.743214,-31.035128,-1.5668162,-11.405331,-4.870996,-11.477586,1.993507,-9.673272,2.2636602,-3.611993,0.9255499,-2.2424114,2.6104038,-4.270187,-2.5496738,-7.4451776,-5.3771787,-9.258948,-3.48739,-10.518738,-2.4553869,-3.5647845,1.7392188,0.2213236,5.148148,1.1557283,4.9256005,0.38447988,7.1482663,0.66621625,1.888797,-5.4258814,-1.3871907,-7.831257,-8.626487,-14.361652,-9.194576,-10.391908,-5.760803
-84.60179,46.952473,-13.67091,-8.719428,-16.174631,-16.857962,-13.984048,-10.500167,-15.208073,-0.71010494,-9.38122,-4.618746,-8.870143,-2.7912962,-7.746308,-5.8817124,-6.9528427,-1.9699091,-7.9940853,-0.6504532,-5.558218,0.45107916,-5.061079,4.4918923,0.5453127,4.567464,1.698423,6.196606,2.7134204,5.741965,0.41519153,0.8636796,-3.7109113,-0.6239583,-5.140274,-4.065305,-12.329413,-11.434234,-14.51013,-7.914418
-161.9185,77.48627,-10.605556,-1.2539209,-13.2062,-13.384312,-21.351778,-7.8128524,-11.963107,-6.697235,-4.059385,1.5261823,-10.1070385,-2.8176463,-5.5787334,-1.315663,-7.447007,-10.980072,-12.012426,-4.10647,-5.2533402,-1.72625,-2.0897846,6.952294,-0.62866193,2.5552874,1.5459034,6.242268,1.2393522,7.667792,5.2880993,-0.88987154,-5.740776,-0.55868095,-5.475381,-3.3427117,-12.170887,-12.419061,-12.544477,-5.4914875
-44.15144,49.18342,-11.285961,-13.148144,-13.7797985,-3.6739721,-10.936249,-3.8579352,-9.953994,0.4815898,-8.882816,1.757329,-6.6145124,-2.7346675,-8.976768,-4.1408944,-10.155357,-4.6015716,-9.578252,-2.9901276,-6.754454,-2.5693758,-6.8270926,-0.32090768,-2.4956367,3.422797,2.3770654,6.7242017,3.9937577,7.4018984,0.70411843,2.3632925,-2.6027794,-1.3457878,-7.8435383,-6.294708,-11.391246,-8.108408,-12.514694,-9.974298
-85.87564,40.732998,0.33838317,2.7542012,-6.4091787,1.2760907,-19.090311,-6.0329447,-10.643437,-1.4366963,-5.097766,1.4692197,-6.616905,0.6309983,-8.228873,-4.769627,-6.564261,-7.6412535,-11.119697,-5.5176735,-8.369848,-1.5956193,-3.1961346,4.3000026,1.2221773,5.7466044,2.7140977,7.097453,1.209101,4.225891,-2.8295856,0.5064851,-4.6019654,-1.4242597,-6.471566,-5.9816165,-11.815105,-9.999593,-12.837802,-7.9595604
-26.764042,29.839228,-17.598993,-5.4133253,-14.461297,-12.328129,-9.335676,-4.1073976,-7.2175374,3.1688495,-6.3669076,-0.22036219,-2.6465216,-1.1394004,-3.8143601,3.605668,-7.7190557,0.2737675,-5.164948,-3.2206552,-7.588474,-1.8181522,-9.28282,-3.4972136,-4.6194987,3.4015863,1.1887659,7.5612187,2.7063732,6.06888,0.46168017,1.7763612,-5.3287044,-3.4108748,-9.148377,-5.88966,-11.767562,-9.921179,-14.714426,-8.300108
-94.49553,48.83686,-8.645441,-9.450361,-12.926851,-3.2952218,-18.761433,-3.4126332,-13.5258875,2.6070683,-7.702838,0.5170667,-6.7383327,-1.5049275,-7.5106564,-3.1102674,-7.885766,-3.9635315,-8.6515,-1.3879396,-6.6606855,-1.5172176,-4.6127405,2.8025985,-2.4158857,3.2804499,0.5982629,6.988646,2.7455575,6.7601786,1.8387406,4.01902,-4.4260035,-1.79266,-7.2869754,-5.3818307,-11.176155,-7.2387366,-12.447414,-9.115664
-19.848871,34.021515,-15.405299,-7.2763195,-14.855234,-15.861309,-10.917547,-0.8170514,-6.80007,-2.3686407,-8.483854,-2.5107877,-11.839065,-0.35000446,-9.418635,-2.1841857,-10.022256,0.23183249,-9.571968,-6.2761884,-8.164261,-0.07637294,-4.0513034,2.6313288,-1.4429008,4.523783,3.3452637,8.66415,0.7792158,6.276463,1.6442099,1.5534548,-7.5821924,-1.520497,-5.66299,-4.964053,-12.96418,-9.438326,-13.920294,-10.026913
-105.31993,67.29063,-9.035527,-14.155034,-19.663425,-19.391153,-8.681238,-5.046063,-10.13671,0.9270299,-9.263892,0.5257046,-7.181248,-2.7996545,-0.22657968,1.1231735,-4.3635235,-1.662136,-9.343155,-6.084428,-11.579507,-2.6045706,-2.9340897,-0.37224773,-0.12914681,7.1567507,-0.7949679,5.38794,2.1568115,5.872938,1.9010378,3.5641742,-3.5023906,-2.6926858,-9.063964,-6.393415,-10.4105625,-9.450595,-14.376272,-8.4069195
-141.1164,86.50833,-8.395563,-9.257707,-5.7946634,-14.325493,-18.639246,2.9737935,-13.798421,-5.3061795,-11.406925,-8.194765,-12.238261,-6.546473,-4.0611567,-5.7718186,-10.20845,-5.3422384,-11.048195,-6.3225956,-8.580634,2.931829,-2.3601232,-0.5825925,-1.4415414,3.2467124,1.2523615,7.8064065,6.23482,8.373568,1.2603246,2.5513937,-3.60002,-0.7938833,-7.955653,-8.245756,-12.189664,-8.563269,-11.396877,-7.977249
-81.44618,69.613785,11.289006,-7.0333467,-14.547956,-2.785961,-17.310768,-7.6038933,-7.189684,-4.7888,-7.369558,1.7314906,-6.254768,-2.897782,-13.909514,-4.8749647,-9.3903,-2.7279842,-8.898233,-0.5352172,-6.8815727,-2.0712202,-3.6789455,4.147792,-0.120660886,3.7968078,-1.2612307,6.702523,2.4245842,7.732262,1.1740001,4.331596,-3.4233294,-1.9248139,-7.051874,-5.1793203,-12.265954,-9.723743,-12.923535,-9.853224
-9.405448,33.69746,-16.481152,-12.867878,-21.133972,-15.433754,-18.334171,-6.0374,-11.399894,-5.851786,-8.045383,2.4912746,-10.426033,-3.066473,-11.2282915,-2.3470848,-11.337293,-3.7936552,-9.993701,-4.7750177,-8.194569,2.15108,-5.3119755,1.0737231,1.5097494,8.67799,2.2871604,6.8507614,2.2856615,7.377749,1.216589,3.5649555,-4.155719,-0.33487886,-8.071192,-6.864671,-13.632007,-11.192135,-15.244306,-10.149006
-16.48291,23.570932,-15.6867695,-10.059345,-10.74558,-6.8072567,-12.61783,-1.8151741,-7.888326,1.1841005,-6.3487215,-1.3662393,-7.501565,-2.4303067,-7.9341364,-1.3794588,-9.017614,-4.4277515,-10.204376,-3.5274715,-8.202401,-0.47214958,-4.3537617,2.8759599,-0.29998115,4.9099126,0.4457404,7.3421006,2.2320719,5.7403603,0.51309097,3.2554832,-4.451588,-2.0269203,-9.788341,-7.209504,-12.3132515,-9.725563,-13.447226,-9.4141
-93.72395,71.36963,-16.568508,7.7392054,-23.057209,-15.248861,-21.325321,-2.3996954,-15.7864895,0.87715805,-6.6486645,-2.0222397,-8.2247505,-4.0290155,-11.5538845,-2.1473386,-8.80313,-4.422909,-8.182446,-0.53169644,-7.2535863,-0.2632773,-2.3599682,1.028682,-3.7515287,2.8286333,2.214538,5.940311,4.4485183,6.5572314,0.88215965,3.0850282,-4.5017953,-0.8698733,-8.010123,-7.1577473,-12.456311,-11.886889,-14.597035,-12.966517
-64.97435,61.41781,-14.746219,0.23953305,-11.266365,-6.740944,-14.995037,-5.124154,-7.1122646,1.2499866,-5.369035,-0.22388196,-4.255448,1.9081198,-9.255774,-3.2959597,-4.5397363,-5.078073,-9.507868,-2.592264,-4.72003,-1.9341986,-6.419589,0.71974874,-1.7123511,4.520008,0.7846492,5.943369,1.1018282,6.1264105,0.6240272,3.158234,-4.3873315,-1.4012774,-7.0650945,-5.697364,-12.22611,-10.149097,-15.269429,-9.290667
-61.685547,58.521595,-39.527126,6.0172195,-18.816963,-6.251519,-5.9388523,2.2111628,-3.596783,0.40450487,-2.5908432,3.7185314,-10.387107,3.9910355,-7.225786,0.83777744,-11.492412,-5.543817,-9.470977,-6.18948,-6.7098036,-2.3833911,-1.8601388,2.2901835,-2.9279287,6.2731028,0.39725986,7.0546722,2.0436897,7.125861,-0.61299515,-0.7652135,-5.6182857,-2.2258446,-6.917301,-6.669867,-14.254585,-10.106499,-11.699788,-7.07461
-99.032455,58.67357,-24.527378,-14.462222,-24.74997,-24.78504,-7.3216176,2.9467456,-1.3594444,5.186866,-5.028071,0.42022756,-2.9247253,1.9941583,-2.956052,-0.09677515,-9.867404,-5.2701664,-11.613932,-5.3628654,-6.4428215,2.9437373,-3.738579,0.8272965,-1.2659904,4.9299836,2.34891,8.891268,2.9820933,2.4296227,-4.044482,0.31263477,-2.4178028,0.18378381,-7.716946,-6.979588,-9.854616,-5.5595603,-8.554742,-6.837318
-44.239372,46.836487,-5.471964,-13.677321,-22.163052,-13.516373,-19.5178,-3.958329,-15.62377,-3.166137,-6.7701592,-2.738624,-6.1451564,-2.6195395,-10.452848,-2.3971024,-10.421552,-8.37832,-9.6245575,-0.30358127,-8.76416,-2.0546575,-4.820655,2.7740972,-0.5589803,8.870645,2.537006,7.988711,1.6616782,4.8112135,0.7684625,4.6560197,-2.5935452,0.43464997,-7.831418,-5.2487016,-13.595463,-11.048632,-14.789735,-10.119304
-68.042885,58.786304,-9.677412,-2.1307714,-18.40845,-4.7556014,-9.4597225,-7.1540766,-9.161945,0.49652264,-8.752847,-2.9249527,-12.1346035,-1.2135433,-4.18681,-2.309198,-6.0900087,-4.1144347,-10.0852585,-6.378603,-13.795792,-6.0928893,-7.3118796,2.1324131,2.5653887,7.935463,3.9032152,8.65759,2.655806,4.6475825,0.43806273,4.379766,-3.0501137,0.30602396,-8.144248,-8.936038,-14.4402275,-9.405015,-10.742897,-9.734883
-61.148853,26.38178,-13.8265085,-1.511888,-13.641581,-5.208757,-15.195431,-5.3133893,-8.625885,0.1955616,-6.0210648,1.023589,-5.4030895,-0.69927216,-7.3642793,-5.6517196,-12.346861,-4.5565386,-10.945589,-2.5489721,-5.997609,0.8422668,-4.3209105,1.4265639,-2.0942922,6.9356008,3.4191122,5.659809,1.5250366,6.209041,-2.9251635,0.15152895,-4.0877337,0.8080581,-8.23109,-5.4361844,-9.548274,-6.7683597,-13.734196,-10.31062
-179.52829,87.12628,5.5534153,-16.858458,-17.15834,-13.35024,-19.602291,-17.032719,-9.853518,-9.525773,-13.658225,-6.0941772,-6.2985783,-0.22173344,-11.280748,-2.962245,-9.68586,-3.760001,-10.371271,0.96017605,-9.089951,-2.9123173,-4.377098,3.5204911,-1.3084915,6.927746,3.004934,6.648961,3.6180315,8.896013,0.14304572,4.424701,-4.275581,-2.055609,-5.484266,-6.2498083,-11.754904,-10.618148,-14.9054575,-8.820647
-37.806225,25.440105,-13.120387,-15.565652,-17.312244,-22.111212,-9.56912,-4.214294,-7.9064865,5.5715003,-7.76162,2.2281046,-7.659221,1.3864553,-5.4200325,0.5002333,-7.312161,-0.49011025,-9.61141,-3.2445168,-9.303139,1.7246734,-6.2880397,2.4496436,-3.4734218,3.2156224,-3.0294857,7.256467,0.65777576,6.3282514,-1.0824497,2.2923446,-2.3740566,-0.4510048,-10.343388,-8.356929,-11.915787,-6.7630477,-11.188648,-9.841248
-58.014545,55.98272,-19.778578,-7.913135,-23.74882,-15.360175,-14.789868,-10.136462,-11.498818,-2.0027812,-8.732156,-1.137487,-7.542966,-3.232902,-7.304515,-6.7944527,-9.837549,-2.1417074,-9.686024,-5.6527624,-6.229025,-0.3469016,-5.2533474,4.799254,2.4580555,5.5376534,3.1961665,7.555081,3.0397437,7.126248,-0.35201195,3.0723114,-2.9734197,-1.9937053,-9.392298,-7.8779964,-13.458586,-8.432853,-12.716685,-9.409482
-80.5398,44.123936,-5.670572,-2.468477,-7.8479533,-2.2621791,-10.946404,6.6354814,-11.185873,-0.70327467,-6.6611724,-3.1908243,-7.104586,-2.5057027,-10.899024,-0.27011362,-8.191336,-5.179037,-11.855694,-2.6985571,-7.0670214,-1.707664,-6.4626327,-1.7943941,-4.2295017,4.8760004,5.276123,10.536661,4.59254,6.81138,-3.4941678,-0.47834364,-4.791852,2.294025,-4.7066903,-6.1179914,-14.94785,-10.74432,-11.757281,-6.829938
-81.65702,45.441326,-17.492384,-8.52824,-16.13527,-19.632576,-8.516674,-7.838049,-5.883443,1.3881224,-5.816343,3.7901444,-4.6499934,-1.7909083,-1.8278387,-2.316781,-8.750935,-2.1829476,-7.952117,-2.691924,-7.650235,1.9811512,-6.0593247,0.2808326,-0.28555012,3.592097,0.3416592,5.9384394,0.87425256,6.5348163,1.1414962,2.6900887,-3.659023,-2.3417037,-7.0984187,-6.5656357,-11.278381,-9.037422,-13.789865,-8.512061
-51.33189,43.36323,-8.709782,2.43878,-14.978081,-7.566937,-14.25694,-2.872883,-16.04847,-6.7299438,-11.233167,-8.049396,-9.95559,-3.5431066,-9.018013,-6.47426,-14.69756,-4.608168,-10.019907,-1.5236285,-7.203609,-1.7118325,-6.362013,1.7865219,0.24799748,4.8432565,2.557086,10.033432,6.743927,6.7487106,-0.6510256,4.330423,-1.9657696,1.8304676,-7.993891,-10.520088,-16.064356,-10.335707,-14.110625,-9.337163
-56.1255,39.932198,-8.149917,1.8910077,-4.9448295,-7.6751513,-18.16696,-1.630909,-12.164691,-0.6322,-3.5868819,-2.471356,-6.620973,-4.2090893,-12.371857,-3.753768,-10.231375,-4.094625,-8.217359,-2.7142804,-8.691187,-0.6050446,-4.297851,2.924959,0.3758678,6.749892,2.7234457,7.6527486,2.443696,6.602348,0.19159243,1.8290415,-5.8053403,-3.7061987,-8.660891,-5.912493,-11.274872,-9.066685,-13.716565,-8.980333
6.936283,28.56602,-15.43901,-8.654351,-13.833262,-13.476316,-15.459713,-7.1288667,-15.450767,1.5943856,-11.80859,1.8110646,-6.3910227,0.091395356,-4.7809596,0.3503119,-7.443808,-2.1229982,-10.420249,-5.579198,-9.8060255,-1.9629079,-8.494821,3.2421262,-1.6663035,4.9244194,1.1824795,8.91796,3.5800526,6.5214853,0.21904673,2.2806807,-3.5604532,-0.02180792,-8.541678,-7.699603,-14.6832695,-8.5992365,-13.119208,-9.466363
-93.64103,25.686909,15.192372,-13.697065,-5.0507336,-8.034261,-19.017292,-9.080607,-7.1588497,7.1405063,-4.361867,1.8889685,-7.865053,-0.91151226,-2.8324065,1.831425,-4.575028,5.2766075,-6.946353,-4.014908,-6.1544876,-4.461436,-10.273034,1.9547266,-2.8818316,-0.21573937,-1.1328455,5.705042,0.96755034,7.296556,-0.40019462,1.361023,-3.014472,-0.086558424,-6.7301908,-5.640293,-11.072771,-7.19062,-9.8933735,-6.41663
-88.61237,51.705822,-4.3593993,3.535765,-3.2374172,-13.593674,-21.67476,-4.972784,-11.935332,0.10908938,-9.000391,-2.1914616,-7.29239,-1.7772055,-11.874824,-2.1975842,-12.393379,-5.526009,-11.337705,-1.8624135,-6.467026,0.09354519,-3.4794416,3.2217064,-3.4297523,5.923635,0.2644755,8.185489,3.9877346,6.5218234,0.63000166,2.875992,-5.135207,-2.2799528,-8.043783,-7.496435,-11.809269,-6.942138,-12.830434,-9.902789
-103.69926,64.178314,9.586542,-8.600298,-4.8306212,0.54316866,-11.830508,-0.4696257,-10.333378,0.37930635,-2.078534,-0.29908425,-7.1265225,-0.770457,-8.786728,-0.06969799,-5.92771,-3.9496033,-9.895055,-5.706107,-11.491671,-3.89,-8.122318,0.8454982,-1.0337514,4.5523643,1.8054575,8.599978,4.2661343,8.380138,1.5227727,1.2675304,-3.0573297,-2.8656275,-7.9681063,-5.703634,-12.197969,-9.371196,-12.230933,-9.754728
-26.672792,40.674625,-20.953176,-12.8705,-11.124722,-16.39522,-8.697488,-0.25647557,-4.5483527,2.5071902,-10.6436405,-3.8385406,-10.060377,1.6049926,-8.143287,-5.893518,-11.699986,-2.1993687,-6.16927,-4.310657,-9.067359,0.42526183,-1.1726305,2.631284,-3.2029572,3.547671,2.166547,8.160442,-0.49198025,5.150831,0.93570435,2.431427,-5.419198,-1.8562968,-6.837828,-5.7978616,-11.731469,-9.280989,-14.392962,-11.503006
-81.2566,89.091095,-23.184986,-11.618762,-15.556011,-7.041751,-22.6703,-8.865919,-11.461504,-2.2027998,-9.890912,-4.2725515,-8.601823,0.7154229,-12.505729,-0.85722184,-8.2256155,-4.8733673,-11.666007,-5.0525603,-8.466733,-3.5418432,-3.6309505,3.3822625,-0.3898678,5.6686068,2.4818122,7.15858,5.242336,7.2980127,0.2762829,3.3265443,-0.38290596,0.12220373,-6.0003476,-6.6637926,-12.039565,-10.430303,-13.5946865,-8.905384
-79.410515,35.964043,-29.617395,-0.31145895,-14.404886,-9.340872,-19.988054,1.1759481,-8.43153,1.813674,-0.6215742,0.19368759,-7.8107877,-2.326521,-8.402832,-1.2127959,-9.71381,-2.9711802,-9.317512,-4.5362315,-10.725404,-1.3966907,-6.6420293,0.52573186,-1.6951646,7.7936206,0.8490763,5.6617327,1.2700998,8.169927,0.83935535,3.2149234,-3.746135,-1.8346946,-7.4435225,-6.3001246,-12.696942,-9.790575,-12.86702,-8.151314
-23.125477,45.3425,-21.344889,2.6197128,-14.880243,4.17104,-6.6334257,8.336354,-5.6779485,0.33545431,-5.231915,3.8540473,-4.105621,1.1134295,-8.113703,-4.0834937,-9.35899,-2.6731508,-11.15131,-5.225453,-8.15766,-1.6221864,-6.158216,0.08149779,-4.2661433,3.497829,-0.67091256,5.7808986,2.032432,4.4286394,-1.605106,3.247892,-4.1277986,-2.1094217,-7.650292,-2.9875228,-10.081448,-9.218242,-16.030977,-11.335033
-13.772875,26.937765,-13.842337,-3.8091817,-7.8627825,-4.664829,-9.530785,-4.0125537,-8.055303,0.90670043,-8.806935,-2.1689427,-6.0320954,-0.6954912,-6.298849,0.08072602,-7.770494,-2.4922216,-8.688109,-4.6560607,-10.042851,-2.0226707,-6.309822,4.3057604,0.5414069,5.990892,0.9076517,6.774026,1.5678377,6.386973,-1.183372,2.443314,-3.3775818,-0.99101627,-10.436142,-8.463127,-14.291386,-9.654636,-12.449823,-8.517415
-61.065643,42.19151,-22.348366,13.390661,-12.950701,-7.2746,1.8049401,4.0930357,-8.986094,6.878455,-7.274169,0.45010242,-9.780952,-4.7084475,-5.8786917,-6.561019,-11.350709,-3.491208,-12.937731,-5.0591545,-7.3492794,-4.065818,-7.6925855,4.0871797,-0.48261532,5.381294,2.0982206,5.697225,1.8674115,6.864502,2.698477,3.9859598,-4.1798835,-1.718796,-8.98323,-6.0932565,-12.129925,-8.239409,-12.08551,-7.8505793
-46.70389,29.282507,-19.862175,-14.123549,-11.14467,-13.167736,-18.102602,-4.317376,-10.747801,-8.825367,-9.844499,-5.6752315,-6.1429815,-0.47074398,-12.084801,-4.9631248,-11.210502,-6.147026,-10.855045,-3.6089108,-9.033767,-2.1851046,-1.014714,5.2764893,-0.9913201,4.959994,4.3593874,10.105143,5.3947916,9.672797,-0.25312284,2.7900798,-5.327438,-1.8669256,-6.7327814,-3.7380018,-11.758967,-10.362699,-14.95691,-8.750621
-99.32321,66.75293,-3.609276,-8.528072,-18.667906,-7.865988,-18.348658,-4.935368,-13.627998,-6.297998,-4.2291365,-4.217076,-8.615857,-0.63279414,-8.813872,-1.4168396,-6.8710685,-4.9589205,-10.633348,-4.6095266,-6.9814506,-2.7135432,-4.9893103,6.2211633,0.26123804,6.750701,2.698262,5.54009,3.724403,6.3083825,1.3104391,2.6309679,-3.6809793,-1.0997331,-5.698092,-6.2303305,-13.56709,-10.362096,-12.318418,-6.853391
-61.17419,77.71244,-20.930542,3.712738,-18.440767,-14.2165365,-11.640226,-3.2624164,-12.457297,-5.6894183,3.1125903,1.4579692,-11.807532,3.979247,-10.534279,-0.44245774,-7.8388953,-6.3864126,-5.1656313,-4.285271,-11.263993,-0.0803443,-2.957132,1.4245573,-0.50809854,5.4658237,1.4917401,7.1048126,1.1651744,3.662816,0.8468496,2.138642,-6.7180004,-1.8830601,-8.817113,-5.7691083,-9.069886,-10.714945,-16.307882,-12.243993
-77.056564,69.69088,-22.565344,-16.373726,-10.677583,-15.823671,-19.137894,-1.4588407,-11.532729,-4.776822,-6.1625094,-4.784614,-5.7560925,-1.9180435,-5.9599633,-3.4873562,-11.418762,-5.3431773,-10.738733,-5.023113,-9.259809,-0.62287813,-3.7277503,3.3883467,0.5077931,2.6504605,3.433927,11.183696,3.1773884,5.5957584,0.8386064,4.0973754,-5.673196,-2.6830788,-7.087675,-4.024375,-11.374198,-10.468187,-14.871144,-10.887078
-88.86381,71.43498,-23.392958,-14.4597025,-12.378132,-6.098445,-21.387438,-4.390882,-12.5635,-0.944582,-5.7850595,-0.55087316,-4.4827905,-0.8453501,-8.505723,-0.8481403,-10.778098,-4.6079106,-6.8152266,-4.4093623,-6.296258,-3.65999,-1.954584,5.313808,0.74555606,6.4615054,2.998958,6.8289533,-0.59115654,4.207789,-0.6327693,2.6541278,-2.7284973,-1.9992404,-7.214636,-5.563185,-12.200279,-11.02079,-16.09822,-9.310053
-25.589777,64.88272,-37.277653,-9.476782,-10.05373,-7.74855,-17.613308,-0.98364687,-13.841567,-3.6036603,-6.2418675,-7.090603,-9.81166,2.292419,-9.290367,-3.835079,-11.327324,-6.5852733,-11.536951,-3.6738386,-7.1674623,-3.4479458,-5.8709054,1.5545706,1.0120251,5.744664,0.042194348,4.2299223,1.9511772,10.031977,2.1776795,5.474993,-2.6582253,-2.4533567,-8.47849,-6.7045355,-11.733291,-10.898706,-15.441062,-8.88935
-82.46295,58.10383,-8.521668,-4.745802,-3.2156227,-12.958635,-7.96149,-6.0058527,-17.227526,-3.3195572,-16.592451,-4.9386477,-12.161852,-2.448981,-6.161684,-8.195063,-16.126308,-5.5857825,-10.352859,-5.6044974,-9.316898,-1.5722688,-8.095472,4.1674623,1.0377095,9.568346,2.6760776,8.193039,2.2191978,4.2971134,1.033769,4.1050296,-1.6134385,-1.200927,-8.046455,-4.689652,-12.080225,-8.103489,-14.902732,-11.535228
-33.14057,41.77248,-23.921747,1.6279038,-9.390019,-4.3463855,-19.156038,-1.7535866,-7.60452,-2.1278443,-4.17158,-5.014666,-8.357491,-3.7002628,-12.961739,-4.03247,-8.125855,0.0022718303,-9.711912,-3.2026982,-6.5007677,-3.1850476,-5.4429097,2.5032203,-3.5589905,1.4080989,1.0567245,7.2380037,3.3991697,8.951288,1.8053273,4.4503036,-3.6757207,-2.0856426,-8.531587,-5.7748337,-12.153702,-9.714477,-15.864543,-11.545578
3.062579,19.014574,-32.419212,16.743813,-9.325627,-8.04297,-12.439005,-6.931812,-8.69893,2.2881877,-10.085467,-3.6550522,-4.742023,-0.8376078,-10.726312,-4.1837463,-10.566922,-6.2503567,-12.006518,-5.6887617,-10.58508,-3.3460898,-5.5291476,2.191239,-1.5029718,4.641478,1.0604771,8.032923,2.9655557,6.6413374,-1.5385102,3.2750742,-4.518826,-2.2714272,-6.7398643,-4.5072346,-13.012735,-10.321924,-15.529062,-11.18943
-28.020994,56.968094,-28.615953,4.161581,-5.4396462,-7.43443,-22.220358,-4.864514,-3.565209,-0.3009624,-13.074128,-7.520836,-10.998307,-5.4694138,-13.531466,-4.3120246,-11.272142,-3.1398215,-7.169761,-0.6031645,-8.198583,-4.5097246,-7.431681,0.6635809,-1.6212636,7.972531,1.6750575,7.783916,5.278642,12.801829,3.867983,1.7434578,-5.3052278,-2.373874,-7.087516,-6.28802,-15.632181,-12.300705,-13.661983,-7.766886
-36.13538,38.345905,-32.475243,3.1239328,-15.669463,-3.9655612,-13.728957,-4.832284,-9.330944,0.17874484,-10.780776,-5.4077907,-7.936465,-1.6481223,-11.046228,-5.04822,-9.86605,-1.718258,-9.937451,-3.5267463,-8.282544,-2.6619093,-7.347127,1.6051596,-1.7968842,5.5141244,1.0535265,7.052737,1.6652727,8.55193,3.0974526,3.7127144,-4.122497,-1.0216718,-7.792625,-7.252329,-14.022541,-10.111082,-14.122405,-7.353183
-90.60753,69.63618,-30.222261,-18.5998,-22.841274,-7.379388,-6.5902476,1.3266538,-9.061958,-4.420103,-10.105612,0.6005873,-6.8923464,-4.7666845,-12.883756,-2.0143528,-13.674956,-2.9290752,-9.650487,-5.161027,-10.054509,-2.6977642,-4.6777434,3.1725674,-1.4718893,4.308672,1.6644875,8.960816,4.58944,7.4747295,2.3514369,0.2626366,-4.7474113,-0.75214344,-9.254828,-6.460884,-10.439916,-9.592646,-14.527272,-6.739913
-9.407605,48.389996,-36.73996,8.008214,-13.10023,-8.425819,-18.857327,-5.8931427,-12.748515,2.7267752,-6.735679,-0.31893685,-5.247526,-5.688781,-8.760526,1.6122689,-6.7124414,-5.5873923,-8.739416,-1.4703292,-7.1666985,-1.5202194,-4.9972677,0.63540274,-3.1671915,3.625534,1.8578179,6.167383,2.4253855,7.3593187,2.1174529,1.805654,-4.1506686,-2.7261264,-7.9622107,-5.4271827,-11.649126,-9.23341,-13.561169,-9.3386135
9.058831,43.535004,-25.641975,1.6426724,-15.338773,-8.270628,-14.78011,-6.8627067,-12.630674,0.283359,-10.805378,-3.431185,-5.936447,0.42846504,-11.680388,-4.258214,-9.5195465,-3.3900905,-10.034476,-3.637944,-7.1520147,-1.1420426,-8.569509,1.0097873,-0.6202859,6.2466545,3.191701,8.32556,3.1093886,7.935135,1.3565897,3.1400836,-3.0838294,0.08104706,-8.9599495,-8.230288,-14.615033,-9.583813,-12.997068,-8.77728
-11.537967,42.14931,-26.871365,7.670966,-15.999709,-11.44894,-16.497404,-8.5045595,-8.146671,1.8046349,-13.487956,-9.497744,-9.3026705,-0.2741208,-9.644464,-2.95391,-8.813808,-1.7211306,-11.591598,-6.106405,-8.409211,-3.1027608,-7.5583124,3.3325546,2.051717,6.601706,3.123406,8.373472,2.6711721,8.08066,1.467985,4.883861,-3.8709078,-1.6143665,-9.6887665,-7.415367,-13.010908,-9.187597,-12.969397,-9.728056
-2.377488,19.94201,-35.675583,15.544694,-8.7723875,-5.768971,-13.88602,-3.859907,-4.6355324,-6.1240015,-16.129076,-2.942351,-15.399795,-2.4652658,-6.800014,-9.394632,-6.370106,-3.8185396,-13.354643,-2.5806458,-8.083178,-1.3119031,-9.089261,0.20105986,-1.105859,6.5110774,4.653519,9.815581,2.5196557,8.207715,2.085319,7.6128106,-4.264934,-6.098317,-6.109422,-4.630919,-15.420075,-10.802408,-11.432659,-9.08817
22.23371,18.49286,-24.19994,6.791938,-10.728224,-2.8941443,-15.310803,1.9862586,-10.258589,5.390326,-5.613627,2.2308805,-7.2468505,0.9942391,-9.463925,-3.8728316,-8.589362,-5.207768,-10.095519,-4.6459174,-11.003769,-2.4926407,-6.705075,2.6925333,-0.69184256,6.8199754,2.0136,3.9520793,3.9090006,5.746621,-0.9459087,3.5492685,-4.775443,-2.1159158,-8.463979,-6.20578,-13.238082,-10.559794,-12.934196,-9.589416
-25.693144,42.92469,-48.04941,2.550295,-10.317525,-8.822476,-18.510101,-4.1200123,-9.799262,-4.1092024,-4.800013,-4.8511086,-8.885513,1.3795209,-9.96798,-4.035329,-6.9089527,-7.3717413,-11.996345,-3.6824343,-9.726651,-4.039202,-7.4915624,2.9697292,-0.72915256,6.602849,3.2623127,7.5471625,2.6476545,6.378356,0.5012947,4.0855184,-2.3305354,-0.8035855,-8.430126,-7.6236467,-12.957829,-7.9942203,-12.6938095,-9.420105
-27.608812,24.890305,-45.166485,-2.8918376,-5.5647016,-9.965162,-18.979733,0.9745262,-5.596271,3.9335036,-5.36997,-1.7054374,-7.8955383,-2.3200908,-10.107888,0.6184161,-9.806679,-7.4072556,-11.837667,-3.5912864,-8.430175,-0.87866557,-2.9889545,1.3053184,-2.0637028,2.5019262,0.59713763,7.7684355,2.9573128,7.1775866,1.974801,3.6252944,-4.718648,-1.6498233,-7.6547437,-5.51619,-11.675502,-7.9589577,-13.099609,-8.726616
-65.71148,56.40702,-22.093002,20.14633,0.13682382,-7.8825345,-14.709949,-5.1035423,-7.6041245,0.75357115,-7.6111846,-0.6828274,-7.8965983,-6.58019,-14.303819,-7.1785264,-10.379536,-7.6146383,-12.305528,-4.1997166,-8.419832,-4.2429495,-6.7505317,1.905101,-0.48345885,5.4380374,1.4193683,9.915123,3.7491066,6.407948,0.6361749,4.2468753,-2.596044,-2.9209244,-5.7936344,-5.860394,-12.147482,-8.4696455,-13.929533,-11.813007
-49.496296,47.318718,-22.094666,-1.0669546,-10.673861,-0.3270949,-11.6949415,-2.1795206,-10.737421,-2.4777436,-4.1059456,-2.8156557,-6.7067323,-0.60003877,-8.627251,-3.8018582,-9.8187065,-7.2520885,-9.744259,-1.4059196,-6.934406,0.7075689,-1.7629945,3.663881,-0.31372237,8.721501,2.4137576,5.9676127,1.963632,5.158679,-0.45021677,2.0857944,-4.8809505,-3.1990654,-8.091096,-4.410797,-10.585193,-10.663619,-15.453248,-10.097542
-10.150225,38.22643,-35.736816,4.889824,-6.079756,-2.1873531,-14.700743,-5.4060817,-7.4152217,-2.032873,-7.756096,-0.042462748,-7.2595205,-4.14892,-8.082869,-5.2520194,-9.811096,-1.1788424,-11.320327,-6.507924,-5.010493,-1.3753499,-7.860578,0.8427785,-2.3203783,9.287991,2.8224492,4.3430247,3.578313,6.8025193,-0.37051558,4.0417776,-3.309478,-2.5307972,-7.2005877,-6.8436766,-14.197142,-9.616172,-11.74165,-7.96412
-58.598602,66.38694,-12.256242,-6.434151,-3.8976178,0.76673925,-14.069443,-1.1612096,-2.1276233,-1.8292348,-7.490788,-1.4621773,-2.4838724,-3.5695977,-14.714336,-6.3938932,-8.611107,-3.4838848,-12.05447,-3.1524463,-6.7098484,-4.2130013,-8.191669,2.933677,0.6075899,4.810347,0.67203397,8.218245,1.8689227,5.056322,-0.89780074,-0.3857764,-3.584198,0.13538888,-5.9836817,-5.6158395,-11.001587,-7.6899505,-13.466598,-9.231003
-38.417698,69.34535,-48.25492,-17.622002,-16.688066,-10.18511,-8.407438,7.8988943,-2.8842695,6.2586756,-5.7100487,1.1206399,-7.3723617,-2.565257,-10.966546,-7.232778,-11.466614,-4.560967,-12.9362,-4.200717,-6.960134,-0.375889,-5.4430075,0.45321754,-3.4187844,4.4859447,-0.6886374,7.0152516,3.4836824,5.1734743,-0.21132864,3.7577674,-4.8026814,-3.5140016,-8.337182,-3.6540418,-11.159556,-8.537474,-14.666936,-9.899295
10.655991,18.909933,-22.769543,8.121357,-15.940929,-8.450945,-13.145214,-2.605674,-4.8003697,1.7462493,-7.2858324,-1.5543358,-7.8227544,-0.8888872,-11.607049,-3.7921078,-9.487506,-6.1219406,-10.701534,-5.2437735,-8.4066,-0.40225053,-8.081596,0.029379493,-0.0641276,5.932115,2.6283407,9.0659895,1.5345123,7.44537,1.3897436,2.977072,-5.3700128,-2.3178804,-8.401311,-6.323028,-10.980487,-8.580067,-13.281748,-10.779764
1.2941644,22.822926,-30.7748,16.730448,-8.409595,-6.9976854,-13.620217,-0.9536483,-5.363927,3.7320087,-8.039559,-1.380632,-10.17352,-2.4595296,-8.786131,-4.025085,-8.263888,-2.8373241,-7.205842,-2.635331,-8.219161,-4.4713707,-6.6299787,0.33324698,-1.6723106,5.17578,0.85478455,8.752165,2.2508447,8.647141,2.002378,2.375076,-5.7002683,-2.7414525,-6.7284174,-5.833904,-13.4119425,-10.447117,-13.035767,-8.645993
-10.062034,31.336575,-29.904444,1.8532289,-9.96951,-5.0247555,-16.366598,-1.3285917,-4.6977983,-2.2110858,-13.106502,-3.0951784,-4.203989,0.72870743,-11.014668,-7.2137694,-11.629626,-4.297166,-11.755743,-0.20423828,-10.152231,-4.4845996,-7.568563,1.0194886,-2.5897448,6.422112,0.44827718,9.503401,5.6079707,7.4255996,-0.7772271,1.682388,-3.4636345,0.69168746,-5.2121468,-5.276263,-14.187866,-10.526498,-11.964375,-8.073072
-3.1388512,56.641243,-34.51212,-10.506419,-20.965425,-4.636254,-10.294609,-1.3488687,-6.619315,1.5542655,-5.2747746,0.6379778,-7.807952,-2.3907478,-10.002754,-3.7517297,-10.276675,-3.7425401,-8.462805,-4.640313,-9.724622,-3.7655125,-7.770614,1.1421204,-1.6900405,5.1881404,1.8193326,7.376966,1.8044865,6.9323516,0.011772666,2.1386728,-2.4178874,-1.1139324,-9.552028,-6.699327,-11.9836855,-9.163276,-10.456337,-9.205368
-39.74549,42.770756,-20.22646,6.20334,-10.317987,-6.596507,-17.134335,-5.6499476,-10.520339,-0.8617028,-5.515826,-2.1594937,-9.912702,1.7754921,-10.945548,-3.680372,-9.208697,-4.025577,-9.770635,-6.155763,-11.707486,-2.6378188,-6.658889,1.0284965,-1.100079,4.195033,6.1027203,10.687596,2.7613425,5.5103836,-1.7794108,1.5775414,-3.7221253,-0.6886248,-7.301823,-6.1527605,-11.228905,-8.848266,-14.33925,-12.781863
-56.91864,84.8409,-25.77732,8.521083,-8.646508,-8.479703,-15.12479,-5.70279,-9.156672,0.6735104,-5.9681716,-2.2068534,-8.377471,-3.9850883,-8.379742,-4.3331075,-9.376194,-5.138161,-10.965404,-7.1115594,-10.460901,-2.5889838,-6.0475025,0.5698996,-0.46845567,5.268294,2.5889406,8.393141,5.4619308,6.8423233,1.2685276,4.4452257,-2.9766188,-2.5210376,-7.909033,-6.8079505,-11.451266,-10.661972,-13.196977,-12.569331
17.883242,26.036627,-27.155733,5.230839,-11.052431,-9.825178,-10.863887,-0.9216415,-6.393476,3.1088622,-8.497277,3.0349984,-6.7224174,-0.83852476,-11.206651,-6.1537876,-7.9711504,-2.7480423,-12.23168,-5.6401525,-8.517447,0.22724694,-7.454955,1.4410244,-1.3279296,4.874446,0.52272964,8.763863,3.9346602,8.129304,0.8332477,2.0335245,-4.969715,-1.701001,-8.582009,-6.4687257,-12.0225525,-8.185235,-14.514435,-8.933546
-7.939687,43.30165,-31.578836,0.9717116,-25.816076,-1.9174947,-17.281418,0.9894287,-9.975363,2.2164686,-7.203773,-2.5098753,-10.805351,-5.353173,-12.1550045,-2.2870157,-9.919592,-3.434436,-11.086223,-6.6405807,-5.075731,-2.0478053,-5.940366,3.0344334,2.0391068,6.170578,2.099839,6.6981893,2.8990984,7.766627,2.26322,2.467724,-4.9230547,-1.0551355,-7.595064,-6.822293,-13.036492,-9.764707,-14.643477,-9.181735
-155.10725,96.250175,12.330317,6.7692556,-18.943993,-11.984849,-15.888346,-4.829035,-13.914886,-7.472084,-16.166409,-5.7803564,-4.2922683,2.2471557,-0.84561276,-2.3086565,-8.816405,-8.683887,-11.819058,-3.5975485,-8.673075,-3.2518375,-1.4424186,2.731349,0.038392875,6.63044,2.0622687,7.388247,6.4249463,4.2072535,0.28476882,-0.59798187,-5.2910895,-2.33516,-7.83183,-5.262587,-9.949985,-9.706205,-13.197689,-9.307077
-19.53858,40.961346,-18.55001,1.1225334,-14.709934,-2.5723896,-14.621844,-4.201307,-8.898261,-0.95583767,-9.476604,-0.0063190297,-7.417427,-1.8208545,-10.124043,-6.361764,-11.105955,-5.365835,-9.634674,-2.8391292,-8.612867,-3.2431643,-6.033527,3.8395524,-0.24945062,6.3764615,1.1626577,7.219278,3.1744554,8.870494,1.251579,3.1339242,-5.8027964,-2.988831,-9.139337,-4.952239,-12.003455,-10.186593,-14.035969,-9.347663
20.905613,41.242638,-43.471794,-15.14931,-7.5300345,-1.7993503,-15.792295,5.2273355,-7.1151166,-0.52832246,-5.2986703,-1.420798,-8.167449,0.115417555,-11.00115,-5.6382847,-10.759537,-5.5757647,-13.679034,-3.110086,-7.6878176,-3.2166624,-3.965222,2.8915029,-0.005922077,5.783965,1.3761367,7.1367483,1.0897597,6.5109606,0.14981438,5.643016,-1.827482,0.2717698,-8.717527,-7.5028477,-13.672326,-9.508902,-13.8283825,-10.51129
-83.53357,71.49988,-19.386936,2.9293268,-21.39934,-4.6956797,-15.8140955,-8.75991,-11.701678,-8.075351,-12.521919,-3.7819238,-4.8485627,0.53541076,-8.31601,-2.3451126,-10.083798,-7.80748,-14.276281,-0.6464001,-7.7209034,-6.7862344,-6.802289,3.8254445,-1.1617151,8.40487,2.8920667,5.7738404,2.4249105,3.5587714,2.636926,7.139732,-2.8328097,-1.0032375,-9.813811,-7.666878,-12.940894,-11.142004,-9.780039,-6.876614
18.178488,36.105927,-27.481028,7.4960537,-11.480617,-13.655952,-15.055322,0.19023415,-10.279763,1.8318933,-5.20496,-0.36043212,-8.189444,-1.0564116,-12.708642,-5.7022285,-9.1272135,-4.338259,-13.016915,-3.9890695,-8.8426895,-3.6166036,-7.3797455,3.7912424,-0.06591771,5.9265,1.420784,8.171999,3.3096101,6.77902,2.7598119,2.8206663,-6.458814,-0.9036317,-5.893644,-7.8961177,-12.620683,-9.809835,-14.541382,-8.8968725
-76.71702,63.22983,-26.993422,-4.927003,-19.883837,-4.335079,-22.849115,-4.3295665,-10.896307,5.6892233,-11.901765,-7.2597303,-4.290618,-4.3813457,-9.331277,-5.4760666,-11.231047,-4.972923,-10.70193,-8.114735,-7.5699873,0.036706716,-6.066636,2.212608,-2.3111768,6.895479,6.113201,9.259385,1.3255562,3.7476697,0.72925186,4.2848015,-3.2159278,-2.6669676,-6.1338058,-5.02745,-12.597021,-10.004064,-13.290719,-8.312688
22.225035,29.5682,-34.77138,2.2991133,-18.737356,-6.824143,-14.652234,-5.6957364,-6.7409654,3.1724703,-7.797302,-0.7887454,-5.7003517,-3.9372501,-12.810676,-3.62721,-9.378146,-3.5043705,-10.063989,-3.558874,-7.57492,-1.0432744,-8.259347,2.3233027,1.9585608,5.5320625,1.2588891,8.633013,2.2260118,7.294763,3.3857622,4.1017256,-6.159695,-3.196543,-8.381128,-7.6388326,-13.689432,-8.251088,-14.079084,-10.487802
-44.081223,52.868923,-18.490976,-9.895023,-5.8346825,-9.774407,-13.210427,-3.7361407,-8.557732,0.4744609,-11.568396,-5.5430465,-9.238434,-0.46660736,-7.893066,-3.2868102,-7.103707,-1.0781239,-11.498798,-5.1296844,-8.3339205,-2.3432276,-6.88758,-0.34797338,-2.3762496,8.874117,3.538826,7.272601,1.6857446,5.709375,2.2364328,5.398634,-4.805889,-1.1196282,-6.5613317,-5.5547338,-12.925326,-11.030748,-13.509144,-9.520325
-12.974801,35.9343,-12.351534,0.4157144,-9.220225,-1.1525791,-9.584149,2.1780636,-3.3769808,-2.202509,-7.475283,-2.9720604,-9.961693,-2.8589394,-6.3850126,-0.1822753,-11.999905,-6.5056605,-13.952472,-1.9280679,-6.078462,-1.6693035,-5.0061793,0.15316896,-0.1022,6.052671,0.39991918,6.0939546,2.279385,6.18227,1.3005419,3.677397,-2.0661457,-3.783365,-10.173059,-7.307413,-12.886302,-7.8577228,-15.209889,-10.571658
-33.459362,53.572,-13.493763,-2.837268,-10.501139,-4.834005,-12.027046,-4.271857,-13.893676,-2.9369228,-8.716506,-2.7456954,-8.545901,-2.51499,-13.058024,-6.5250564,-11.972939,-5.39511,-13.249277,-9.354499,-10.852997,-1.7043295,-5.0738406,4.3268943,1.1244775,8.222262,4.977422,8.840063,3.5342374,6.716099,0.06793624,3.3351886,-4.8061633,-3.2950394,-8.130882,-5.8998017,-11.213052,-9.668363,-14.697197,-9.842689
8.621269,56.756996,-38.15319,-8.66824,-16.675447,-0.72428036,-9.175579,-5.166298,-8.225041,-1.5312797,-10.779787,-0.27935252,-6.0845375,3.6670613,-9.165431,-1.1070255,-7.8013263,-6.9692645,-10.464944,-4.337258,-10.949778,-1.6695806,-2.301727,4.01871,0.6675302,5.9264483,2.6537771,8.132033,-0.19973764,6.136197,-1.4542286,2.3453507,-3.290332,-2.3507097,-9.604055,-7.5884495,-12.460275,-11.78468,-15.807113,-10.093612
-28.02651,51.10319,-30.304926,5.190514,-13.5773325,-2.0340278,-4.271325,1.5754948,-5.9504256,-0.8470973,-6.4772406,2.91984,-8.94345,-0.5670631,-10.233733,-3.573633,-6.5876603,-3.810173,-10.823608,-6.2969875,-8.751625,-0.8603168,-6.143465,1.4087532,-2.3088944,3.5291662,1.1042664,10.366725,5.2390046,6.800381,-1.2515695,1.471333,-3.6998024,-2.0657892,-9.737436,-7.8277745,-10.285067,-8.234587,-12.34316,-8.796092
-40.52046,39.75262,-11.283737,-6.516451,-18.070791,-1.4280317,-11.869453,-4.3137016,-7.940464,-2.8643317,-6.725814,-3.401705,-7.583286,-1.8262959,-11.015404,-3.1919806,-8.53393,-3.6155035,-10.004684,-3.900836,-9.302477,-2.3093889,-6.4347754,1.5663328,-2.056368,6.5722585,1.6531779,8.402341,4.3804936,5.144758,-0.42542028,3.4810655,-2.747255,-2.111211,-10.373863,-6.896013,-12.0264435,-9.540987,-12.230083,-12.301278
26.054787,36.44428,-36.574894,-0.2437918,-18.426971,-8.406621,-19.553186,-4.500118,-8.824762,0.46369508,-5.9597907,-6.0584626,-7.976351,2.9707537,-8.89794,-1.1439413,-8.506317,-1.6581814,-10.372084,-4.388903,-10.650894,-0.4242756,-1.6527733,4.7319765,-1.4198081,6.0875583,1.5944471,6.390099,1.2847726,8.558986,1.3363286,2.5509348,-4.3923583,-4.0310154,-9.209005,-5.276566,-13.45959,-10.402352,-16.162977,-12.378569
-77.51014,80.09446,-18.97933,-7.197074,-11.577758,-8.157256,-16.431667,0.5366115,-8.939371,-4.685524,-9.332362,-0.7530213,-7.04665,-1.491581,-9.015549,-5.326753,-8.047974,-6.4888678,-13.558064,-5.7906666,-7.648034,-4.06326,-6.5463543,1.8200096,-1.2577503,7.9979696,4.2068696,7.960241,3.40903,5.4033637,-0.23797378,3.5788882,-2.3066425,0.08132608,-8.430681,-8.300754,-12.601038,-8.563295,-12.359981,-8.91695
-65.27683,57.3841,-23.68371,-5.547001,3.0375428,-0.43023595,-12.367828,-4.9189653,-2.3161438,-4.6726203,-11.799752,-1.7485898,-9.587052,-7.2769375,-9.152904,-5.291232,-8.477585,-3.013585,-10.853733,-6.8923855,-6.040795,-1.4811766,-7.510187,-0.5443972,1.2299924,7.0629177,-0.74372506,5.4021373,3.1220899,5.830632,0.62828976,3.363968,-4.5224514,-1.2850964,-6.8971114,-5.07068,-13.266264,-12.324528,-13.128114,-7.3036485
9.580556,38.202587,-38.30424,-2.7454817,-16.94081,-15.077905,-13.124502,-3.0174417,-8.652932,3.7487826,-8.390777,2.7524588,-5.55139,-11.069859,-10.614741,-1.7565174,-11.794871,-4.174239,-13.254536,-6.4706697,-9.426734,-5.655227,-6.9600267,2.9725885,0.84131825,7.088048,0.9661029,7.364294,4.1448913,9.865935,2.570884,3.950986,-5.9570103,-2.1192434,-7.1179447,-6.4619946,-16.1762,-11.059562,-12.872287,-9.369116
-58.78882,59.01208,-19.706532,-15.790952,-19.6301,-10.604553,-13.629225,-5.932014,-8.213808,-3.3179004,-6.906683,-1.6011186,-7.644907,-4.0010567,-11.879527,-7.6806808,-10.135801,-6.0684366,-11.797012,-8.009406,-8.896749,-1.2114158,-4.288667,1.4111599,2.6097353,6.992755,0.7616828,7.5399275,4.878724,7.3606477,1.0585696,3.6466403,-3.5303566,-1.7073014,-8.365681,-6.541501,-9.802037,-7.090143,-12.781614,-8.838137
-16.692745,43.94246,-35.85132,-2.7388961,-5.9844656,-6.0757537,-11.522444,-4.5670094,-7.458299,7.076169,-10.814497,-1.1915203,-8.523953,0.489717,-11.008146,-1.8252724,-8.337886,-4.865025,-11.688432,-3.4550884,-9.330083,-3.0254214,-3.6321511,1.9292644,-1.1746538,5.28549,0.46801147,6.9522696,2.6224248,8.0630665,0.5476283,2.4205937,-4.235173,-3.158287,-8.344053,-6.229045,-12.468977,-11.85518,-15.484365,-9.80378
-31.145512,27.666845,1.7847688,0.04377765,-15.823351,-10.634904,-14.812834,-2.2701037,-6.7848563,2.303398,-7.80719,-5.9135118,-10.419237,-2.15265,-9.234657,-0.6425687,-8.631316,-2.1393237,-10.009547,-4.085714,-10.95259,-0.21278968,-6.60954,2.679768,1.8419608,7.146386,1.4798434,8.351545,3.7530572,6.883138,-1.1788361,2.6792383,-3.2794354,-0.9026115,-9.380471,-7.435698,-11.446164,-8.549987,-13.383434,-8.774616
-13.06015,47.432583,-33.381527,8.40387,-17.513935,-12.852934,-17.541706,-0.69356984,-7.674726,-6.6982245,-7.010296,0.2026625,-9.481744,-2.3619332,-11.054075,-5.704469,-14.639031,-7.1919613,-12.158323,-2.744456,-8.580904,-5.9056635,-4.0448523,4.2056065,-0.8477674,9.33837,3.1060903,7.3748126,5.242377,5.1068273,-1.6544182,3.1834497,-2.256879,0.6838228,-7.7787404,-5.971266,-14.993927,-12.804944,-14.44061,-8.33269
-26.606535,48.717846,-32.91186,2.7965858,-16.424492,-5.4634333,-15.2036295,-7.2889757,-10.245863,-0.36411268,-8.648948,-0.4773285,-8.832788,-3.959211,-13.346702,-2.9313383,-10.345465,-5.571465,-11.956475,-5.451139,-7.566865,-3.3388467,-6.8148327,-0.093762286,-2.2606566,6.986481,2.2014353,7.9216266,4.262068,7.4893007,0.7189547,2.7773113,-3.2019827,-0.25062445,-7.5334587,-9.567112,-15.669974,-8.797202,-9.950673,-9.019005
5.5922914,46.204887,-30.876936,-8.823999,-4.770938,-10.264118,-25.791008,-4.7723303,-14.532791,-0.6793796,-7.4374332,-6.481085,-6.9025745,-2.9693978,-9.38498,-1.5975362,-12.238282,-1.3400445,-9.308658,-10.542563,-5.7079425,-2.620027,-12.534017,0.32423112,-0.23176987,7.507949,3.4775019,5.9902015,0.7413355,11.514192,1.5546857,4.685451,-1.4422815,0.3182659,-9.126272,-9.238435,-12.711922,-10.332618,-14.03319,-9.046339
-85.84949,62.38412,-31.392632,3.9784179,-21.240889,-13.698916,-12.729945,0.3372735,-9.35114,2.4153764,-3.6915786,2.1680822,-8.462867,-4.1354656,-9.590724,-6.976881,-14.534178,-2.7958734,-6.652093,-6.1842146,-11.724581,-2.1921153,-4.3073683,4.0380964,0.86220914,5.5084987,-0.5419666,3.3816962,2.015984,9.270977,4.497934,6.755727,-6.1711884,-4.010298,-6.646093,-6.0675077,-16.04045,-12.170076,-12.360523,-8.733035
